<?xml version="1.0" encoding="UTF-8" standalone="no"?>
<Entities>
    <ExtensionPackages>
        <ExtensionPackage dependsOn="" description="" minimumThingWorxVersion="8.3.0" name="ThingworxExcelExport" packageVersion="1.0.0" vendor="Velkumar Rajagopal">
            <JarResources>
                <FileResource description="" file="thingworxexcelexport.jar" type="JAR"/>
            </JarResources>
        </ExtensionPackage>
    </ExtensionPackages>
    <Resources>
        <Resource aspect.isCreatable="false" aspect.isEditableExtensionObject="false" className="ExcelReportGenerator" description="" name="ExcelReportGenerator"/>
    </Resources>
</Entities>
